{
  "lang":"pt",
  "name":"pipeline",
  "version":"0.0.0",
  "spacy_version":">=3.7.4,<3.8.0",
  "description":"",
  "author":"",
  "email":"",
  "url":"",
  "license":"",
  "spacy_git_version":"bff8725f4",
  "vectors":{
    "width":0,
    "vectors":0,
    "keys":0,
    "name":null,
    "mode":"default"
  },
  "labels":{
    "tok2vec":[

    ],
    "ner":[
      "PERSON"
    ]
  },
  "pipeline":[
    "tok2vec",
    "ner"
  ],
  "components":[
    "tok2vec",
    "ner"
  ],
  "disabled":[

  ],
  "performance":{
    "ents_f":0.9999969484,
    "ents_p":0.9999938967,
    "ents_r":1.0,
    "ents_per_type":{
      "PERSON":{
        "p":0.9999938967,
        "r":1.0,
        "f":0.9999969484
      }
    },
    "tok2vec_loss":0.0,
    "ner_loss":0.0
  }
}